source,target,rationale,source_chunks
BANG_DU_LIEU_THONG_KE_2X2,BANG_THONG_KE,,
BAT_PHUONG_TRINH_LOGARIT_CO_BAN,BAT_PHUONG_TRINH_LOGARIT,,toan-11-tap-2:0004
BAT_PHUONG_TRINH_MU_CO_BAN,BAT_PHUONG_TRINH_MU,,toan-11-tap-2:0004
BIEN_CO_A,BIEN_CO,,
BIEN_CO_HOP,BIEN_CO,,toan-11-tap-2:0015
BIEN_CO_XUNG_KHAC,BIEN_CO,,toan-11-tap-2:0015
CAN_SO_HOC_BAC_N,CAN_BAC_N,,
CAP_SO_CONG,DAY_SO,,
CAP_SO_NHAN,DAY_SO,,
CAP_SO_NHAN_LUI_VO_HANH,DAY_SO,,
CONG_THUC_CONG_XAC_SUAT_CHO_HAI_BIEN_CO_XUNG_KHAC,CONG_THUC_CONG_XAC_SUAT,,toan-11-tap-2:0015
CONG_THUC_HERON,CONG_THUC_DIEN_TICH_TAM_GIAC,,toan-10-tap-1:0006
CONG_THUC_THE_TICH_KHOI_TRON_XOAY,CONG_THUC_THE_TICH_VAT_THE,,
COS,GIA_TRI_LUONG_GIAC,,toan-11-tap-1:0001
DAO_HAM_CUA_HAM_SO_COS,DAO_HAM_CUA_HAM_SO_SO_CAP_CO_BAN,,
DAO_HAM_CUA_HAM_SO_LOGARIT,DAO_HAM_CUA_HAM_SO_SO_CAP_CO_BAN,,
DAO_HAM_CUA_HAM_SO_MU,DAO_HAM_CUA_HAM_SO_SO_CAP_CO_BAN,,
DAO_HAM_CUA_HAM_SO_SIN,DAO_HAM_CUA_HAM_SO_SO_CAP_CO_BAN,,
DAO_HAM_CUA_HAM_SO_SQRT_X,DAO_HAM_CUA_HAM_SO_SO_CAP_CO_BAN,,
DAO_HAM_CUA_HAM_SO_SQRT_X,DAO_HAM_CUA_HAM_SO_X_N,,
DAO_HAM_CUA_HAM_SO_TAN_COT,DAO_HAM_CUA_HAM_SO_SO_CAP_CO_BAN,,
DAO_HAM_TRONG_MOT_KHOANG,DAO_HAM,,toan-11-tap-2:0005
DAY_SO_BI_CHAN_DUOI,DAY_SO_BI_CHAN,,toan-11-tap-1:0005
DAY_SO_HUU_HAN,DAY_SO,,toan-11-tap-1:0005
DIEN_TICH_GIOI_HAN_BOI_HAI_DO_THI,DIEN_TICH_HINH_PHANG,,
DIEU_KIEN_TRUNG_DIEM,DIEU_KIEN_KHOI_TAM,,
DINH_NGHI_CU_DIEN_XAC_SUAT,XAC_SUAT,,
DO_THI_HAM_SO,DO_THI,,
DO_THI_HAM_SO_LOGARIT,DO_THI,,
DUONG_THANG_BAT_PHUONG_TRINH,DUONG_THANG_TRONG_MAT_PHANG_TOA_DO,,
DUONG_THANG_CAT_NHAU,VI_TRI_TUONG_DOI_HAI_DUONG_THANG,,
DUONG_THANG_NAM_TRONG_MAT_PHANG,DUONG_THANG,,
DUONG_THANG_SONG_SONG,HAI_DUONG_THANG_DONG_PHANG,,toan-11-tap-1:0011
DUONG_THANG_TRUNG_NHAU,HAI_DUONG_THANG_DONG_PHANG,,toan-11-tap-1:0011
DUONG_THANG_TRUNG_NHAU,VI_TRI_TUONG_DOI_HAI_DUONG_THANG,,
DUONG_THANG_VUONG_GOC_VOI_MAT_PHANG,DUONG_THANG,,
DUONG_TIEM_CAN_DUNG,TIEM_CAN,,
DUONG_TIEM_CAN_NGANG,TIEM_CAN,,
DUONG_TRON_LUONG_GIAC,DUONG_TRON,,
DUONG_TRON_NOI_TIEP,DUONG_TRON,,
ELIP,DUONG_CONIC,,toan-10-tap-2:0010
GIOI_HAN_BEN_PHAI,GIOI_HAN_HAM_SO,,
GIOI_HAN_BEN_PHAI,GIOI_HAN_MOT_BEN,,toan-11-tap-1:0016
GIOI_HAN_BEN_TRAI,GIOI_HAN_HAM_SO,,
GIOI_HAN_BEN_TRAI,GIOI_HAN_MOT_BEN,,toan-11-tap-1:0016
GIOI_HAN_HUU_HAN,GIOI_HAN_DAY_SO,,toan-11-tap-1:0015
GIOI_HAN_HUU_HAN,GIOI_HAN_HAM_SO,,toan-11-tap-1:0016
GIOI_HAN_LA_0,GIOI_HAN_HUU_HAN,,toan-11-tap-1:0015
GIOI_HAN_LA_A,GIOI_HAN_HAM_SO,,
GIOI_HAN_LA_A,GIOI_HAN_HUU_HAN,,toan-11-tap-1:0015
GIOI_HAN_TAI_VO_CUC,GIOI_HAN_HAM_SO,,toan-11-tap-1:0016
GIOI_HAN_VO_CUC,GIOI_HAN_HAM_SO,,
HAM_PHAN_THUC_HUU_TI_DON_GIAN,HAM_SO,,
HAM_PHAN_THUC_HUU_TI_DON_GIAN,HAM_SO_BANG_CONG_THUC,,
HAM_SO_BAC_HAI,HAM_SO,,
HAM_SO_BAC_HAI,HAM_SO_BANG_CONG_THUC,,
HAM_SO_BAC_HAI,HAM_SO_CUA_BIEN_SO,,
HAM_SO_BANG_BANG,HAM_SO,,toan-10-tap-2:0001
HAM_SO_BANG_CONG_THUC,HAM_SO,,toan-10-tap-2:0001
HAM_SO_COS,HAM_SO_BANG_CONG_THUC,,
HAM_SO_COS,HAM_SO_CUA_BIEN_SO,,
HAM_SO_COS,HAM_SO_TUAN_HOAN,,toan-11-tap-1:0003
HAM_SO_COT,HAM_SO_TUAN_HOAN,,toan-11-tap-1:0003
HAM_SO_CUA_BIEN_SO,HAM_SO,,
HAM_SO_DONG_BIEN,HAM_SO,,toan-10-tap-2:0001
HAM_SO_DONG_BIEN,HAM_SO_DON_DIEU,,toan-12-tap-1:0001
HAM_SO_DON_DIEU,TINH_CHAT_HAM_SO,,
HAM_SO_GIAN_DOAN,HAM_SO,,
HAM_SO_LE,HAM_SO_CUA_BIEN_SO,,
HAM_SO_NGHICH_BIEN,HAM_SO,,toan-10-tap-2:0001
HAM_SO_NGHICH_BIEN,HAM_SO_DON_DIEU,,toan-12-tap-1:0001
HAM_SO_NGHICH_BIEN,TINH_CHAT_HAM_SO,,
HAM_SO_SIN,HAM_SO_BANG_CONG_THUC,,
HAM_SO_SIN,HAM_SO_CUA_BIEN_SO,,
HAM_SO_SIN,HAM_SO_TUAN_HOAN,,toan-11-tap-1:0003
HAM_SO_TANG,HAM_SO_BANG_CONG_THUC,,
HAM_SO_TANG,HAM_SO_CUA_BIEN_SO,,
HAM_SO_TANG,HAM_SO_TUAN_HOAN,,toan-11-tap-1:0003
HINH_BIEU_DIEN_HINH_TRON,HINH_BIEU_DIEN,,toan-11-tap-1:0014
HINH_BIEU_DIEN_HINH_VUONG,HINH_BIEU_DIEN,,toan-11-tap-1:0014
HINH_BIEU_DIEN_TAM_GIAC,HINH_BIEU_DIEN,,toan-11-tap-1:0014
HINH_CHIEU_VUONG_GOC,HINH_CHIEU,,
HINH_CHOP_CUT_DEU,HINH_CHOP,,
HINH_CHOP_DEU,HINH_CHOP,,
HINH_HOP,HINH_LANG_TRU,,toan-11-tap-1:0013
HINH_HOP_CHU_NHAT,HINH_HOP,,
HINH_HOP_DUNG,HINH_HOP,,
HINH_HOP_DUNG,HINH_LANG_TRU,,
HINH_LANG_TRU_DEU,HINH_LANG_TRU,,
HINH_LANG_TRU_DUNG,HINH_LANG_TRU,,
HINH_LAP_PHUONG,HINH_HOP_CHU_NHAT,,toan-11-tap-2:0011
HOAN_VI,CHINH_HOP,,toan-10-tap-2:0012
HYPEBOL,DUONG_CONIC,,toan-10-tap-2:0010
KHOANG,TAP_HOP,,toan-10-tap-1:0002
KHOANG_CACH_GIUA_DUONG_THANG_MAT_PHANG_SONG_SONG,KHOANG_CACH,,toan-11-tap-2:0012
KHOANG_CACH_GIUA_HAI_DUONG_THANG_CHEO_NHAU,KHOANG_CACH,,toan-11-tap-2:0012
KHOANG_CACH_GIUA_HAI_MAT_PHANG_SONG_SONG,KHOANG_CACH,,toan-11-tap-2:0012
KHOANG_CACH_TU_DIEM_DEN_DUONG_THANG,KHOANG_CACH,,toan-11-tap-2:0012
KHOANG_CACH_TU_DIEM_DEN_DUONG_THANG,KHOANG_CACH_TRONG_KHONG_GIAN,,
KHOANG_CACH_TU_DIEM_DEN_MAT_PHANG,KHOANG_CACH,,toan-11-tap-2:0012
LOGARIT_THAP_PHAN,LOGARIT,,toan-11-tap-2:0002
LOGARIT_TU_NHIEN,LOGARIT,,toan-11-tap-2:0002
MAT_PHANG_CHIEU,MAT_PHANG,,
MAT_PHANG_TRUNG_TRUC,MAT_PHANG,,
MENH_DE_CHUA_BIEN,MENH_DE,,toan-10-tap-1:0001
MENH_DE_CHUA_BIEN,MENH_DE_TOAN_HOC,,
MENH_DE_DAO,MENH_DE_TOAN_HOC,,
MENH_DE_KEO_THEO,MENH_DE_TOAN_HOC,,
MENH_DE_PHU_DINH,MENH_DE,,toan-10-tap-1:0001
MENH_DE_TOAN_HOC,MENH_DE,,toan-10-tap-1:0001
MENH_DE_TUONG_DUONG,MENH_DE,,toan-10-tap-1:0001
METHOD_TINH_KHOANG_CACH,PHUONG_PHAP_TINH_KHOANG_CACH,,
NGHIEM_BAT_PHUONG_TRINH_BAC_NHAT_HAI_AN,NGHIEM_BAT_PHUONG_TRINH,,
NUA_DUONG_TRON_DON_VI,DUONG_TRON,,
PARABOL,DUONG_CONIC,,toan-10-tap-2:0010
PHEP_CHIEU_VUONG_GOC,PHEP_CHIEU_SONG_SONG,,
PHEP_NHAN_SO_VOI_VECTO,PHEP_TOAN_VECTO,,toan-12-tap-1:0008
PHUONG_PHAP_TICH_PHAN_HINH_HOC,PHUONG_PHAP_TICH_PHAN,,
PHUONG_PHAP_VE_DO_THI_HAM_SO_BAC_HAI,PHUONG_PHAP_VE_DO_THI,,
PHUONG_TRINH_CHINH_TAC_DUONG_THANG,PHUONG_TRINH_DUONG_THANG,,
PHUONG_TRINH_COT_X_M,PHUONG_TRINH_LUONG_GIAC_CO_BAN,,toan-11-tap-1:0004
PHUONG_TRINH_DANG_SQRT_AX2_BX_C_DX_E,PHUONG_TRINH_CHUA_CAN,,toan-10-tap-2:0004
PHUONG_TRINH_DANG_SQRT_AX2_BX_C_SQRT_DX2_EX_F,PHUONG_TRINH_CHUA_CAN,,toan-10-tap-2:0004
PHUONG_TRINH_DUONG_TRON_CHUA_THICH,PHUONG_TRINH_DUONG_TRON,,toan-10-tap-2:0009
PHUONG_TRINH_LOGARIT_CO_BAN,PHUONG_TRINH_LOGARIT,,toan-11-tap-2:0004
PHUONG_TRINH_MAT_CAU_TRAI_DAT,PHUONG_TRINH_MAT_CAU,,
PHUONG_TRINH_SIN_X_M,PHUONG_TRINH_LUONG_GIAC_CO_BAN,,toan-11-tap-1:0004
PHUONG_TRINH_TAN_X_M,PHUONG_TRINH_LUONG_GIAC_CO_BAN,,toan-11-tap-1:0004
QUY_TAC_GIOI_HAN_VO_CUC,QUY_TAC_TINH_GIOI_HAN,,
TAN,GIA_TRI_LUONG_GIAC,,toan-11-tap-1:0001
TAP_BANG_NHAU,TAP_HOP,,toan-10-tap-1:0002
TAP_GIA_TRI,TAP_HOP,,
TAP_GIA_TRI_HAM_SO_LOGARIT,TAP_GIA_TRI,,
TAP_GIA_TRI_HAM_SO_MU,TAP_GIA_TRI,,
TAP_HOP_HOP,TAP_HOP,,toan-10-tap-1:0002
TAP_HOP_SO_HUU_TI,TAP_HOP,,toan-10-tap-1:0002
TAP_HOP_SO_NGUYEN,TAP_HOP,,toan-10-tap-1:0002
TAP_HOP_SO_THUC,TAP_HOP,,toan-10-tap-1:0002
TAP_HOP_SO_TU_NHIEN,TAP_HOP,,toan-10-tap-1:0002
TAP_XAC_DINH_HAM_SO_MU,TAP_XAC_DINH,,
TINH_CHAT_BIEN_THIEN_HAM_SO_LOGARIT,TINH_CHAT_HAM_SO,,
TINH_CHAT_BIEN_THIEN_HAM_SO_MU,TINH_CHAT_HAM_SO,,
TINH_CHAT_CONG,TINH_CHAT_TICH_PHAN,,toan-12-tap-2:0002
TINH_CHAT_HANG_SO,TINH_CHAT_TICH_PHAN,,toan-12-tap-2:0002
TINH_CHAT_PHAN_DOAN,TINH_CHAT_TICH_PHAN,,toan-12-tap-2:0002
TOC_DO_BIEN_DOI_TUC_THOI,DAO_HAM,,toan-11-tap-2:0005
VECTO_CUNG_PHUONG_DINH_NGHIA,VECTO,,toan-10-tap-1:0007
VECTO_DOI,VECTO,,
VECTO_DON_VI,VECTO_TRONG_KHONG_GIAN,,
VECTO_KHONG,VECTO,,toan-10-tap-1:0007
VECTO_KHONG,VECTO_TRONG_KHONG_GIAN,,toan-12-tap-1:0006
VECTO_NGUOC_HUONG,PHEP_TOAN_VECTO,,
VECTO_NGUOC_HUONG,VECTO,,
VECTO_NGUOC_HUONG,VECTO_CUNG_PHUONG_DINH_NGHIA,,toan-12-tap-1:0006
VECTO_NGUOC_HUONG,VECTO_TRONG_KHONG_GIAN,,
VECTO_PHAP_TUYEN_DUONG_THANG,VECTO_TRONG_KHONG_GIAN,,
VECTO_TRONG_KHONG_GIAN,VECTO,,
